service_family,capacity_teu,demand_set_id,seed,policy_key,reproduction_class,configuration_fingerprint,demand_fingerprint,revenue_ir_percent,volume_ir_percent
service_family_1,10,demand_set_01,11001,dca,controlled_substitute_input,223c6f99541d4d0a68986e6bfd0775d37cf373511188ee3618d4828057f8c6eb,589ba169d6c553e9ddf049dfdb28af83e89649dc61fd482c32985922004adcbf,0.0,0.0
service_family_1,10,demand_set_01,11001,dca_rm,controlled_substitute_input,223c6f99541d4d0a68986e6bfd0775d37cf373511188ee3618d4828057f8c6eb,589ba169d6c553e9ddf049dfdb28af83e89649dc61fd482c32985922004adcbf,5.188981422165279,8.235294117647058
service_family_1,10,demand_set_01,11001,dca_r,controlled_substitute_input,223c6f99541d4d0a68986e6bfd0775d37cf373511188ee3618d4828057f8c6eb,589ba169d6c553e9ddf049dfdb28af83e89649dc61fd482c32985922004adcbf,5.1889814221652975,3.5294117647058822
service_family_1,10,demand_set_01,11001,dca_rrm,controlled_substitute_input,223c6f99541d4d0a68986e6bfd0775d37cf373511188ee3618d4828057f8c6eb,589ba169d6c553e9ddf049dfdb28af83e89649dc61fd482c32985922004adcbf,5.188981422165279,3.5294117647058822
service_family_1,10,demand_set_02,11002,dca,controlled_substitute_input,4246a869f181977a2bc558f820f993389f2a77a59949da89a72be06ab0e92217,8a1d1809a806f278caa783dd14987ba3c9b969eb57aef4b8534d86c9fa91830e,0.0,0.0
service_family_1,10,demand_set_02,11002,dca_rm,controlled_substitute_input,4246a869f181977a2bc558f820f993389f2a77a59949da89a72be06ab0e92217,8a1d1809a806f278caa783dd14987ba3c9b969eb57aef4b8534d86c9fa91830e,2.1043771043771042,1.9047619047619047
service_family_1,10,demand_set_02,11002,dca_r,controlled_substitute_input,4246a869f181977a2bc558f820f993389f2a77a59949da89a72be06ab0e92217,8a1d1809a806f278caa783dd14987ba3c9b969eb57aef4b8534d86c9fa91830e,1.318742985409897,0.9523809523809523
service_family_1,10,demand_set_02,11002,dca_rrm,controlled_substitute_input,4246a869f181977a2bc558f820f993389f2a77a59949da89a72be06ab0e92217,8a1d1809a806f278caa783dd14987ba3c9b969eb57aef4b8534d86c9fa91830e,3.759820426487093,2.857142857142857
service_family_1,10,demand_set_03,11003,dca,controlled_substitute_input,44e5011053d7c97603473f3571850b6018957b38837b1e6c36260a4233f58ec3,62ca29bc7e0a19bf22bbaee9089f5b4654133a8f0f8406c7e834bc8045005d08,0.0,0.0
service_family_1,10,demand_set_03,11003,dca_rm,controlled_substitute_input,44e5011053d7c97603473f3571850b6018957b38837b1e6c36260a4233f58ec3,62ca29bc7e0a19bf22bbaee9089f5b4654133a8f0f8406c7e834bc8045005d08,2.4108003857280615,4.705882352941177
service_family_1,10,demand_set_03,11003,dca_r,controlled_substitute_input,44e5011053d7c97603473f3571850b6018957b38837b1e6c36260a4233f58ec3,62ca29bc7e0a19bf22bbaee9089f5b4654133a8f0f8406c7e834bc8045005d08,3.085824493731975,5.882352941176471
service_family_1,10,demand_set_03,11003,dca_rrm,controlled_substitute_input,44e5011053d7c97603473f3571850b6018957b38837b1e6c36260a4233f58ec3,62ca29bc7e0a19bf22bbaee9089f5b4654133a8f0f8406c7e834bc8045005d08,3.3751205400192865,4.705882352941177
service_family_1,10,demand_set_04,11004,dca,controlled_substitute_input,52a99d9f329608c7a0cd9ad5f94d1a0b0a767d5b9e0f2254aff4aadef32361c9,a44c301625eff152c539777163adc08881bae09bbf794d9ae641c31228a2d610,0.0,0.0
service_family_1,10,demand_set_04,11004,dca_rm,controlled_substitute_input,52a99d9f329608c7a0cd9ad5f94d1a0b0a767d5b9e0f2254aff4aadef32361c9,a44c301625eff152c539777163adc08881bae09bbf794d9ae641c31228a2d610,6.260296540362439,6.315789473684211
service_family_1,10,demand_set_04,11004,dca_r,controlled_substitute_input,52a99d9f329608c7a0cd9ad5f94d1a0b0a767d5b9e0f2254aff4aadef32361c9,a44c301625eff152c539777163adc08881bae09bbf794d9ae641c31228a2d610,4.942339373970346,5.2631578947368425
service_family_1,10,demand_set_04,11004,dca_rrm,controlled_substitute_input,52a99d9f329608c7a0cd9ad5f94d1a0b0a767d5b9e0f2254aff4aadef32361c9,a44c301625eff152c539777163adc08881bae09bbf794d9ae641c31228a2d610,5.601317957166392,5.2631578947368425
service_family_1,10,demand_set_05,11005,dca,controlled_substitute_input,5bffb017f4f4dc7756cb01fb675dd857863a37e413d35f308107113c6d50fabc,d471d1252ffe718c800490ae3813e0af44e52da934a91d320071397340ca5431,0.0,0.0
service_family_1,10,demand_set_05,11005,dca_rm,controlled_substitute_input,5bffb017f4f4dc7756cb01fb675dd857863a37e413d35f308107113c6d50fabc,d471d1252ffe718c800490ae3813e0af44e52da934a91d320071397340ca5431,3.2,2.0
service_family_1,10,demand_set_05,11005,dca_r,controlled_substitute_input,5bffb017f4f4dc7756cb01fb675dd857863a37e413d35f308107113c6d50fabc,d471d1252ffe718c800490ae3813e0af44e52da934a91d320071397340ca5431,0.5925925925925926,1.0
service_family_1,10,demand_set_05,11005,dca_rrm,controlled_substitute_input,5bffb017f4f4dc7756cb01fb675dd857863a37e413d35f308107113c6d50fabc,d471d1252ffe718c800490ae3813e0af44e52da934a91d320071397340ca5431,4.266666666666667,4.0
service_family_1,15,demand_set_01,11001,dca,controlled_substitute_input,da3056a016a61b3de513e968f5367a9b77ee35824bacddbcea7dd98f8a036339,589ba169d6c553e9ddf049dfdb28af83e89649dc61fd482c32985922004adcbf,0.0,0.0
service_family_1,15,demand_set_01,11001,dca_rm,controlled_substitute_input,da3056a016a61b3de513e968f5367a9b77ee35824bacddbcea7dd98f8a036339,589ba169d6c553e9ddf049dfdb28af83e89649dc61fd482c32985922004adcbf,3.971405877680699,1.8518518518518519
service_family_1,15,demand_set_01,11001,dca_r,controlled_substitute_input,da3056a016a61b3de513e968f5367a9b77ee35824bacddbcea7dd98f8a036339,589ba169d6c553e9ddf049dfdb28af83e89649dc61fd482c32985922004adcbf,5.586444267937517,4.62962962962963
service_family_1,15,demand_set_01,11001,dca_rrm,controlled_substitute_input,da3056a016a61b3de513e968f5367a9b77ee35824bacddbcea7dd98f8a036339,589ba169d6c553e9ddf049dfdb28af83e89649dc61fd482c32985922004adcbf,5.056923484246757,3.7037037037037037
service_family_1,15,demand_set_02,11002,dca,controlled_substitute_input,04edd66e15f2d1d39ca1c0d60a23cd09e8adb3a698e11852e81b26c671d20e2b,8a1d1809a806f278caa783dd14987ba3c9b969eb57aef4b8534d86c9fa91830e,0.0,0.0
service_family_1,15,demand_set_02,11002,dca_rm,controlled_substitute_input,04edd66e15f2d1d39ca1c0d60a23cd09e8adb3a698e11852e81b26c671d20e2b,8a1d1809a806f278caa783dd14987ba3c9b969eb57aef4b8534d86c9fa91830e,4.868745793134395,4.098360655737705
service_family_1,15,demand_set_02,11002,dca_r,controlled_substitute_input,04edd66e15f2d1d39ca1c0d60a23cd09e8adb3a698e11852e81b26c671d20e2b,8a1d1809a806f278caa783dd14987ba3c9b969eb57aef4b8534d86c9fa91830e,4.868745793134395,4.098360655737705
service_family_1,15,demand_set_02,11002,dca_rrm,controlled_substitute_input,04edd66e15f2d1d39ca1c0d60a23cd09e8adb3a698e11852e81b26c671d20e2b,8a1d1809a806f278caa783dd14987ba3c9b969eb57aef4b8534d86c9fa91830e,4.868745793134395,4.098360655737705
service_family_1,15,demand_set_03,11003,dca,controlled_substitute_input,e2471cfa6f09e4b6bd21dbb92bda5061c4462d7e7edb0bd12060cff44499602a,62ca29bc7e0a19bf22bbaee9089f5b4654133a8f0f8406c7e834bc8045005d08,0.0,0.0
service_family_1,15,demand_set_03,11003,dca_rm,controlled_substitute_input,e2471cfa6f09e4b6bd21dbb92bda5061c4462d7e7edb0bd12060cff44499602a,62ca29bc7e0a19bf22bbaee9089f5b4654133a8f0f8406c7e834bc8045005d08,0.5339028296849974,0.9900990099009901
service_family_1,15,demand_set_03,11003,dca_r,controlled_substitute_input,e2471cfa6f09e4b6bd21dbb92bda5061c4462d7e7edb0bd12060cff44499602a,62ca29bc7e0a19bf22bbaee9089f5b4654133a8f0f8406c7e834bc8045005d08,0.5339028296849974,0.9900990099009901
service_family_1,15,demand_set_03,11003,dca_rrm,controlled_substitute_input,e2471cfa6f09e4b6bd21dbb92bda5061c4462d7e7edb0bd12060cff44499602a,62ca29bc7e0a19bf22bbaee9089f5b4654133a8f0f8406c7e834bc8045005d08,0.5339028296849974,0.9900990099009901
service_family_1,15,demand_set_04,11004,dca,controlled_substitute_input,d6386764104eff41bc589265627d980f72a0033bb5f688979c282e8ce073373b,a44c301625eff152c539777163adc08881bae09bbf794d9ae641c31228a2d610,0.0,0.0
service_family_1,15,demand_set_04,11004,dca_rm,controlled_substitute_input,d6386764104eff41bc589265627d980f72a0033bb5f688979c282e8ce073373b,a44c301625eff152c539777163adc08881bae09bbf794d9ae641c31228a2d610,7.853403141361256,7.142857142857143
service_family_1,15,demand_set_04,11004,dca_r,controlled_substitute_input,d6386764104eff41bc589265627d980f72a0033bb5f688979c282e8ce073373b,a44c301625eff152c539777163adc08881bae09bbf794d9ae641c31228a2d610,8.448357924797715,8.035714285714286
service_family_1,15,demand_set_04,11004,dca_rrm,controlled_substitute_input,d6386764104eff41bc589265627d980f72a0033bb5f688979c282e8ce073373b,a44c301625eff152c539777163adc08881bae09bbf794d9ae641c31228a2d610,8.448357924797715,8.035714285714286
service_family_1,15,demand_set_05,11005,dca,controlled_substitute_input,fa169cb8149efeb1df85032cde7192f323a1e5f5056202b9b2fcaf3650566582,d471d1252ffe718c800490ae3813e0af44e52da934a91d320071397340ca5431,0.0,0.0
service_family_1,15,demand_set_05,11005,dca_rm,controlled_substitute_input,fa169cb8149efeb1df85032cde7192f323a1e5f5056202b9b2fcaf3650566582,d471d1252ffe718c800490ae3813e0af44e52da934a91d320071397340ca5431,0.0,0.0
service_family_1,15,demand_set_05,11005,dca_r,controlled_substitute_input,fa169cb8149efeb1df85032cde7192f323a1e5f5056202b9b2fcaf3650566582,d471d1252ffe718c800490ae3813e0af44e52da934a91d320071397340ca5431,-3.517847904811174,-4.424778761061947
service_family_1,15,demand_set_05,11005,dca_rrm,controlled_substitute_input,fa169cb8149efeb1df85032cde7192f323a1e5f5056202b9b2fcaf3650566582,d471d1252ffe718c800490ae3813e0af44e52da934a91d320071397340ca5431,0.0,0.0
service_family_1,20,demand_set_01,11001,dca,controlled_substitute_input,a932f96be9a808dbd9f2c3993017b8b2f954a730be71167c86a549bc6ce858c8,589ba169d6c553e9ddf049dfdb28af83e89649dc61fd482c32985922004adcbf,0.0,0.0
service_family_1,20,demand_set_01,11001,dca_rm,controlled_substitute_input,a932f96be9a808dbd9f2c3993017b8b2f954a730be71167c86a549bc6ce858c8,589ba169d6c553e9ddf049dfdb28af83e89649dc61fd482c32985922004adcbf,0.0,0.0
service_family_1,20,demand_set_01,11001,dca_r,controlled_substitute_input,a932f96be9a808dbd9f2c3993017b8b2f954a730be71167c86a549bc6ce858c8,589ba169d6c553e9ddf049dfdb28af83e89649dc61fd482c32985922004adcbf,0.0,0.0
service_family_1,20,demand_set_01,11001,dca_rrm,controlled_substitute_input,a932f96be9a808dbd9f2c3993017b8b2f954a730be71167c86a549bc6ce858c8,589ba169d6c553e9ddf049dfdb28af83e89649dc61fd482c32985922004adcbf,0.0,0.0
service_family_1,20,demand_set_02,11002,dca,controlled_substitute_input,1dec8dcda9d9bbdfc0fee633d7bd2ec11e05a9a07e245b2569c6844f0c1950c1,8a1d1809a806f278caa783dd14987ba3c9b969eb57aef4b8534d86c9fa91830e,0.0,0.0
service_family_1,20,demand_set_02,11002,dca_rm,controlled_substitute_input,1dec8dcda9d9bbdfc0fee633d7bd2ec11e05a9a07e245b2569c6844f0c1950c1,8a1d1809a806f278caa783dd14987ba3c9b969eb57aef4b8534d86c9fa91830e,0.0,0.0
service_family_1,20,demand_set_02,11002,dca_r,controlled_substitute_input,1dec8dcda9d9bbdfc0fee633d7bd2ec11e05a9a07e245b2569c6844f0c1950c1,8a1d1809a806f278caa783dd14987ba3c9b969eb57aef4b8534d86c9fa91830e,0.0,0.0
service_family_1,20,demand_set_02,11002,dca_rrm,controlled_substitute_input,1dec8dcda9d9bbdfc0fee633d7bd2ec11e05a9a07e245b2569c6844f0c1950c1,8a1d1809a806f278caa783dd14987ba3c9b969eb57aef4b8534d86c9fa91830e,0.0,0.0
service_family_1,20,demand_set_03,11003,dca,controlled_substitute_input,9ba72b2633dccd77ed2bed224f8457abc1e5cdcf711ed12ad38f58dacf755d5a,62ca29bc7e0a19bf22bbaee9089f5b4654133a8f0f8406c7e834bc8045005d08,0.0,0.0
service_family_1,20,demand_set_03,11003,dca_rm,controlled_substitute_input,9ba72b2633dccd77ed2bed224f8457abc1e5cdcf711ed12ad38f58dacf755d5a,62ca29bc7e0a19bf22bbaee9089f5b4654133a8f0f8406c7e834bc8045005d08,0.0,0.0
service_family_1,20,demand_set_03,11003,dca_r,controlled_substitute_input,9ba72b2633dccd77ed2bed224f8457abc1e5cdcf711ed12ad38f58dacf755d5a,62ca29bc7e0a19bf22bbaee9089f5b4654133a8f0f8406c7e834bc8045005d08,0.0,0.0
service_family_1,20,demand_set_03,11003,dca_rrm,controlled_substitute_input,9ba72b2633dccd77ed2bed224f8457abc1e5cdcf711ed12ad38f58dacf755d5a,62ca29bc7e0a19bf22bbaee9089f5b4654133a8f0f8406c7e834bc8045005d08,0.0,0.0
service_family_1,20,demand_set_04,11004,dca,controlled_substitute_input,6247dca81a2bc48161cf121e91afe667178c3707ffde1b32cc03d69d94d068cc,a44c301625eff152c539777163adc08881bae09bbf794d9ae641c31228a2d610,0.0,0.0
service_family_1,20,demand_set_04,11004,dca_rm,controlled_substitute_input,6247dca81a2bc48161cf121e91afe667178c3707ffde1b32cc03d69d94d068cc,a44c301625eff152c539777163adc08881bae09bbf794d9ae641c31228a2d610,3.5125294495609336,3.1746031746031744
service_family_1,20,demand_set_04,11004,dca_r,controlled_substitute_input,6247dca81a2bc48161cf121e91afe667178c3707ffde1b32cc03d69d94d068cc,a44c301625eff152c539777163adc08881bae09bbf794d9ae641c31228a2d610,3.5125294495609336,3.1746031746031744
service_family_1,20,demand_set_04,11004,dca_rrm,controlled_substitute_input,6247dca81a2bc48161cf121e91afe667178c3707ffde1b32cc03d69d94d068cc,a44c301625eff152c539777163adc08881bae09bbf794d9ae641c31228a2d610,3.5125294495609336,3.1746031746031744
service_family_1,20,demand_set_05,11005,dca,controlled_substitute_input,b49acd2524fdff113d1349188675e5d0bbaccc49e14271c6d6b5fb8156750805,d471d1252ffe718c800490ae3813e0af44e52da934a91d320071397340ca5431,0.0,0.0
service_family_1,20,demand_set_05,11005,dca_rm,controlled_substitute_input,b49acd2524fdff113d1349188675e5d0bbaccc49e14271c6d6b5fb8156750805,d471d1252ffe718c800490ae3813e0af44e52da934a91d320071397340ca5431,0.0,0.0
service_family_1,20,demand_set_05,11005,dca_r,controlled_substitute_input,b49acd2524fdff113d1349188675e5d0bbaccc49e14271c6d6b5fb8156750805,d471d1252ffe718c800490ae3813e0af44e52da934a91d320071397340ca5431,0.0,0.0
service_family_1,20,demand_set_05,11005,dca_rrm,controlled_substitute_input,b49acd2524fdff113d1349188675e5d0bbaccc49e14271c6d6b5fb8156750805,d471d1252ffe718c800490ae3813e0af44e52da934a91d320071397340ca5431,0.0,0.0
service_family_2,10,demand_set_01,11001,dca,controlled_substitute_input,bc0a4b318817070249274350ae9d87f94a0e1eb073b7bef213753a31014bdcb2,589ba169d6c553e9ddf049dfdb28af83e89649dc61fd482c32985922004adcbf,0.0,0.0
service_family_2,10,demand_set_01,11001,dca_rm,controlled_substitute_input,bc0a4b318817070249274350ae9d87f94a0e1eb073b7bef213753a31014bdcb2,589ba169d6c553e9ddf049dfdb28af83e89649dc61fd482c32985922004adcbf,0.0,0.0
service_family_2,10,demand_set_01,11001,dca_r,controlled_substitute_input,bc0a4b318817070249274350ae9d87f94a0e1eb073b7bef213753a31014bdcb2,589ba169d6c553e9ddf049dfdb28af83e89649dc61fd482c32985922004adcbf,0.0,0.0
service_family_2,10,demand_set_01,11001,dca_rrm,controlled_substitute_input,bc0a4b318817070249274350ae9d87f94a0e1eb073b7bef213753a31014bdcb2,589ba169d6c553e9ddf049dfdb28af83e89649dc61fd482c32985922004adcbf,0.0,0.0
service_family_2,10,demand_set_02,11002,dca,controlled_substitute_input,fac754f6917d42638454aae6a54a6a087bfe21491ad45ca8707723c116672cde,8a1d1809a806f278caa783dd14987ba3c9b969eb57aef4b8534d86c9fa91830e,0.0,0.0
service_family_2,10,demand_set_02,11002,dca_rm,controlled_substitute_input,fac754f6917d42638454aae6a54a6a087bfe21491ad45ca8707723c116672cde,8a1d1809a806f278caa783dd14987ba3c9b969eb57aef4b8534d86c9fa91830e,0.0,0.0
service_family_2,10,demand_set_02,11002,dca_r,controlled_substitute_input,fac754f6917d42638454aae6a54a6a087bfe21491ad45ca8707723c116672cde,8a1d1809a806f278caa783dd14987ba3c9b969eb57aef4b8534d86c9fa91830e,0.0,0.0
service_family_2,10,demand_set_02,11002,dca_rrm,controlled_substitute_input,fac754f6917d42638454aae6a54a6a087bfe21491ad45ca8707723c116672cde,8a1d1809a806f278caa783dd14987ba3c9b969eb57aef4b8534d86c9fa91830e,0.0,0.0
service_family_2,10,demand_set_03,11003,dca,controlled_substitute_input,6d749283777897f9fdda74b10920cdd34bc5b296e0ccb5669e8ce846b443d5a9,62ca29bc7e0a19bf22bbaee9089f5b4654133a8f0f8406c7e834bc8045005d08,0.0,0.0
service_family_2,10,demand_set_03,11003,dca_rm,controlled_substitute_input,6d749283777897f9fdda74b10920cdd34bc5b296e0ccb5669e8ce846b443d5a9,62ca29bc7e0a19bf22bbaee9089f5b4654133a8f0f8406c7e834bc8045005d08,0.0,0.0
service_family_2,10,demand_set_03,11003,dca_r,controlled_substitute_input,6d749283777897f9fdda74b10920cdd34bc5b296e0ccb5669e8ce846b443d5a9,62ca29bc7e0a19bf22bbaee9089f5b4654133a8f0f8406c7e834bc8045005d08,0.0,0.0
service_family_2,10,demand_set_03,11003,dca_rrm,controlled_substitute_input,6d749283777897f9fdda74b10920cdd34bc5b296e0ccb5669e8ce846b443d5a9,62ca29bc7e0a19bf22bbaee9089f5b4654133a8f0f8406c7e834bc8045005d08,0.0,0.0
service_family_2,10,demand_set_04,11004,dca,controlled_substitute_input,60048d29aa904ff4109c9f0eca444867a94a8434151ca3c9fba43967f678ff04,a44c301625eff152c539777163adc08881bae09bbf794d9ae641c31228a2d610,0.0,0.0
service_family_2,10,demand_set_04,11004,dca_rm,controlled_substitute_input,60048d29aa904ff4109c9f0eca444867a94a8434151ca3c9fba43967f678ff04,a44c301625eff152c539777163adc08881bae09bbf794d9ae641c31228a2d610,0.0,0.0
service_family_2,10,demand_set_04,11004,dca_r,controlled_substitute_input,60048d29aa904ff4109c9f0eca444867a94a8434151ca3c9fba43967f678ff04,a44c301625eff152c539777163adc08881bae09bbf794d9ae641c31228a2d610,0.0,0.0
service_family_2,10,demand_set_04,11004,dca_rrm,controlled_substitute_input,60048d29aa904ff4109c9f0eca444867a94a8434151ca3c9fba43967f678ff04,a44c301625eff152c539777163adc08881bae09bbf794d9ae641c31228a2d610,0.0,0.0
service_family_2,10,demand_set_05,11005,dca,controlled_substitute_input,c6e48e680ac607e7bfd4e4fa34a3b1751c552730149c8b5812d55005e4735dae,d471d1252ffe718c800490ae3813e0af44e52da934a91d320071397340ca5431,0.0,0.0
service_family_2,10,demand_set_05,11005,dca_rm,controlled_substitute_input,c6e48e680ac607e7bfd4e4fa34a3b1751c552730149c8b5812d55005e4735dae,d471d1252ffe718c800490ae3813e0af44e52da934a91d320071397340ca5431,-1.47510544636258e-14,-1.2357264969740872e-14
service_family_2,10,demand_set_05,11005,dca_r,controlled_substitute_input,c6e48e680ac607e7bfd4e4fa34a3b1751c552730149c8b5812d55005e4735dae,d471d1252ffe718c800490ae3813e0af44e52da934a91d320071397340ca5431,0.0,0.0
service_family_2,10,demand_set_05,11005,dca_rrm,controlled_substitute_input,c6e48e680ac607e7bfd4e4fa34a3b1751c552730149c8b5812d55005e4735dae,d471d1252ffe718c800490ae3813e0af44e52da934a91d320071397340ca5431,0.0,0.0
service_family_2,15,demand_set_01,11001,dca,controlled_substitute_input,6c0b4ed20de59ae11674f55173f98bc2e7f75b5a873a0988148a9be5e8d005e0,589ba169d6c553e9ddf049dfdb28af83e89649dc61fd482c32985922004adcbf,0.0,0.0
service_family_2,15,demand_set_01,11001,dca_rm,controlled_substitute_input,6c0b4ed20de59ae11674f55173f98bc2e7f75b5a873a0988148a9be5e8d005e0,589ba169d6c553e9ddf049dfdb28af83e89649dc61fd482c32985922004adcbf,0.0,0.0
service_family_2,15,demand_set_01,11001,dca_r,controlled_substitute_input,6c0b4ed20de59ae11674f55173f98bc2e7f75b5a873a0988148a9be5e8d005e0,589ba169d6c553e9ddf049dfdb28af83e89649dc61fd482c32985922004adcbf,0.0,0.0
service_family_2,15,demand_set_01,11001,dca_rrm,controlled_substitute_input,6c0b4ed20de59ae11674f55173f98bc2e7f75b5a873a0988148a9be5e8d005e0,589ba169d6c553e9ddf049dfdb28af83e89649dc61fd482c32985922004adcbf,0.0,0.0
service_family_2,15,demand_set_02,11002,dca,controlled_substitute_input,1a0614e35b1bbf88648737ca673c6f961ec5bdb1d801ea46ba959466561e623b,8a1d1809a806f278caa783dd14987ba3c9b969eb57aef4b8534d86c9fa91830e,0.0,0.0
service_family_2,15,demand_set_02,11002,dca_rm,controlled_substitute_input,1a0614e35b1bbf88648737ca673c6f961ec5bdb1d801ea46ba959466561e623b,8a1d1809a806f278caa783dd14987ba3c9b969eb57aef4b8534d86c9fa91830e,0.0,0.0
service_family_2,15,demand_set_02,11002,dca_r,controlled_substitute_input,1a0614e35b1bbf88648737ca673c6f961ec5bdb1d801ea46ba959466561e623b,8a1d1809a806f278caa783dd14987ba3c9b969eb57aef4b8534d86c9fa91830e,0.0,0.0
service_family_2,15,demand_set_02,11002,dca_rrm,controlled_substitute_input,1a0614e35b1bbf88648737ca673c6f961ec5bdb1d801ea46ba959466561e623b,8a1d1809a806f278caa783dd14987ba3c9b969eb57aef4b8534d86c9fa91830e,0.0,0.0
service_family_2,15,demand_set_03,11003,dca,controlled_substitute_input,64ab1c56d4d496deab65331bc2c2c197700f06d0279f0e70b9ef1ce39ff9a68c,62ca29bc7e0a19bf22bbaee9089f5b4654133a8f0f8406c7e834bc8045005d08,0.0,0.0
service_family_2,15,demand_set_03,11003,dca_rm,controlled_substitute_input,64ab1c56d4d496deab65331bc2c2c197700f06d0279f0e70b9ef1ce39ff9a68c,62ca29bc7e0a19bf22bbaee9089f5b4654133a8f0f8406c7e834bc8045005d08,0.0,0.0
service_family_2,15,demand_set_03,11003,dca_r,controlled_substitute_input,64ab1c56d4d496deab65331bc2c2c197700f06d0279f0e70b9ef1ce39ff9a68c,62ca29bc7e0a19bf22bbaee9089f5b4654133a8f0f8406c7e834bc8045005d08,0.0,0.0
service_family_2,15,demand_set_03,11003,dca_rrm,controlled_substitute_input,64ab1c56d4d496deab65331bc2c2c197700f06d0279f0e70b9ef1ce39ff9a68c,62ca29bc7e0a19bf22bbaee9089f5b4654133a8f0f8406c7e834bc8045005d08,0.0,0.0
service_family_2,15,demand_set_04,11004,dca,controlled_substitute_input,310911ed82e6998bdc01a924ef4380f696731466f6bc5b9f2450637f8e9020c0,a44c301625eff152c539777163adc08881bae09bbf794d9ae641c31228a2d610,0.0,0.0
service_family_2,15,demand_set_04,11004,dca_rm,controlled_substitute_input,310911ed82e6998bdc01a924ef4380f696731466f6bc5b9f2450637f8e9020c0,a44c301625eff152c539777163adc08881bae09bbf794d9ae641c31228a2d610,0.0,0.0
service_family_2,15,demand_set_04,11004,dca_r,controlled_substitute_input,310911ed82e6998bdc01a924ef4380f696731466f6bc5b9f2450637f8e9020c0,a44c301625eff152c539777163adc08881bae09bbf794d9ae641c31228a2d610,0.0,0.0
service_family_2,15,demand_set_04,11004,dca_rrm,controlled_substitute_input,310911ed82e6998bdc01a924ef4380f696731466f6bc5b9f2450637f8e9020c0,a44c301625eff152c539777163adc08881bae09bbf794d9ae641c31228a2d610,0.0,0.0
service_family_2,15,demand_set_05,11005,dca,controlled_substitute_input,c735b8def3dc85446537524dc64545c1e19935af636c04797e646b8a97780572,d471d1252ffe718c800490ae3813e0af44e52da934a91d320071397340ca5431,0.0,0.0
service_family_2,15,demand_set_05,11005,dca_rm,controlled_substitute_input,c735b8def3dc85446537524dc64545c1e19935af636c04797e646b8a97780572,d471d1252ffe718c800490ae3813e0af44e52da934a91d320071397340ca5431,0.0,0.0
service_family_2,15,demand_set_05,11005,dca_r,controlled_substitute_input,c735b8def3dc85446537524dc64545c1e19935af636c04797e646b8a97780572,d471d1252ffe718c800490ae3813e0af44e52da934a91d320071397340ca5431,0.0,0.0
service_family_2,15,demand_set_05,11005,dca_rrm,controlled_substitute_input,c735b8def3dc85446537524dc64545c1e19935af636c04797e646b8a97780572,d471d1252ffe718c800490ae3813e0af44e52da934a91d320071397340ca5431,0.0,0.0
service_family_2,20,demand_set_01,11001,dca,controlled_substitute_input,fdb555ae05be5b97fac689502d98d158713cdaddbb0a1eb49d2e2d7133e50a23,589ba169d6c553e9ddf049dfdb28af83e89649dc61fd482c32985922004adcbf,0.0,0.0
service_family_2,20,demand_set_01,11001,dca_rm,controlled_substitute_input,fdb555ae05be5b97fac689502d98d158713cdaddbb0a1eb49d2e2d7133e50a23,589ba169d6c553e9ddf049dfdb28af83e89649dc61fd482c32985922004adcbf,0.0,0.0
service_family_2,20,demand_set_01,11001,dca_r,controlled_substitute_input,fdb555ae05be5b97fac689502d98d158713cdaddbb0a1eb49d2e2d7133e50a23,589ba169d6c553e9ddf049dfdb28af83e89649dc61fd482c32985922004adcbf,0.0,0.0
service_family_2,20,demand_set_01,11001,dca_rrm,controlled_substitute_input,fdb555ae05be5b97fac689502d98d158713cdaddbb0a1eb49d2e2d7133e50a23,589ba169d6c553e9ddf049dfdb28af83e89649dc61fd482c32985922004adcbf,0.0,0.0
service_family_2,20,demand_set_02,11002,dca,controlled_substitute_input,01a75dbcb85bce2dcdabbb076ac88bd0929b4c3b19da2ea5bfd7ab6db46aee0d,8a1d1809a806f278caa783dd14987ba3c9b969eb57aef4b8534d86c9fa91830e,0.0,0.0
service_family_2,20,demand_set_02,11002,dca_rm,controlled_substitute_input,01a75dbcb85bce2dcdabbb076ac88bd0929b4c3b19da2ea5bfd7ab6db46aee0d,8a1d1809a806f278caa783dd14987ba3c9b969eb57aef4b8534d86c9fa91830e,0.0,0.0
service_family_2,20,demand_set_02,11002,dca_r,controlled_substitute_input,01a75dbcb85bce2dcdabbb076ac88bd0929b4c3b19da2ea5bfd7ab6db46aee0d,8a1d1809a806f278caa783dd14987ba3c9b969eb57aef4b8534d86c9fa91830e,0.0,0.0
service_family_2,20,demand_set_02,11002,dca_rrm,controlled_substitute_input,01a75dbcb85bce2dcdabbb076ac88bd0929b4c3b19da2ea5bfd7ab6db46aee0d,8a1d1809a806f278caa783dd14987ba3c9b969eb57aef4b8534d86c9fa91830e,0.0,0.0
service_family_2,20,demand_set_03,11003,dca,controlled_substitute_input,b3d87bcef383b3cd84e64c36afd7e9f0a7b15a914805d989445f1f0a8f4ce246,62ca29bc7e0a19bf22bbaee9089f5b4654133a8f0f8406c7e834bc8045005d08,0.0,0.0
service_family_2,20,demand_set_03,11003,dca_rm,controlled_substitute_input,b3d87bcef383b3cd84e64c36afd7e9f0a7b15a914805d989445f1f0a8f4ce246,62ca29bc7e0a19bf22bbaee9089f5b4654133a8f0f8406c7e834bc8045005d08,0.0,0.0
service_family_2,20,demand_set_03,11003,dca_r,controlled_substitute_input,b3d87bcef383b3cd84e64c36afd7e9f0a7b15a914805d989445f1f0a8f4ce246,62ca29bc7e0a19bf22bbaee9089f5b4654133a8f0f8406c7e834bc8045005d08,0.0,0.0
service_family_2,20,demand_set_03,11003,dca_rrm,controlled_substitute_input,b3d87bcef383b3cd84e64c36afd7e9f0a7b15a914805d989445f1f0a8f4ce246,62ca29bc7e0a19bf22bbaee9089f5b4654133a8f0f8406c7e834bc8045005d08,0.0,0.0
service_family_2,20,demand_set_04,11004,dca,controlled_substitute_input,264c1a5054e4a64cc4ce03f71b0aecd3ba12b249cbad067efc730859a49eb0ee,a44c301625eff152c539777163adc08881bae09bbf794d9ae641c31228a2d610,0.0,0.0
service_family_2,20,demand_set_04,11004,dca_rm,controlled_substitute_input,264c1a5054e4a64cc4ce03f71b0aecd3ba12b249cbad067efc730859a49eb0ee,a44c301625eff152c539777163adc08881bae09bbf794d9ae641c31228a2d610,0.0,0.0
service_family_2,20,demand_set_04,11004,dca_r,controlled_substitute_input,264c1a5054e4a64cc4ce03f71b0aecd3ba12b249cbad067efc730859a49eb0ee,a44c301625eff152c539777163adc08881bae09bbf794d9ae641c31228a2d610,0.0,0.0
service_family_2,20,demand_set_04,11004,dca_rrm,controlled_substitute_input,264c1a5054e4a64cc4ce03f71b0aecd3ba12b249cbad067efc730859a49eb0ee,a44c301625eff152c539777163adc08881bae09bbf794d9ae641c31228a2d610,0.0,0.0
service_family_2,20,demand_set_05,11005,dca,controlled_substitute_input,b839e080701f6f2b697e5b0b8610d2b1fb440c49ece22d3fad5941d7f38358ec,d471d1252ffe718c800490ae3813e0af44e52da934a91d320071397340ca5431,0.0,0.0
service_family_2,20,demand_set_05,11005,dca_rm,controlled_substitute_input,b839e080701f6f2b697e5b0b8610d2b1fb440c49ece22d3fad5941d7f38358ec,d471d1252ffe718c800490ae3813e0af44e52da934a91d320071397340ca5431,0.0,0.0
service_family_2,20,demand_set_05,11005,dca_r,controlled_substitute_input,b839e080701f6f2b697e5b0b8610d2b1fb440c49ece22d3fad5941d7f38358ec,d471d1252ffe718c800490ae3813e0af44e52da934a91d320071397340ca5431,0.0,0.0
service_family_2,20,demand_set_05,11005,dca_rrm,controlled_substitute_input,b839e080701f6f2b697e5b0b8610d2b1fb440c49ece22d3fad5941d7f38358ec,d471d1252ffe718c800490ae3813e0af44e52da934a91d320071397340ca5431,0.0,0.0
