reservation_time,slot_number,forecast_id,origin,destination,availability_time,due_time,category,fare_per_teu,volume_outcomes
0,1,FC0001,A,B,2,11,F,100.0,"[{""probability"":0.4,""volume"":0},{""probability"":0.4,""volume"":1},{""probability"":0.2,""volume"":2}]"
0,2,FC0002,E,A,5,17,F,400.0,"[{""probability"":0.4,""volume"":0},{""probability"":0.4,""volume"":1},{""probability"":0.2,""volume"":2}]"
0,3,FC0003,E,D,3,13,P,100.0,"[{""probability"":0.4,""volume"":0},{""probability"":0.4,""volume"":1},{""probability"":0.2,""volume"":2}]"
0,4,FC0004,E,A,4,15,R,625.0,"[{""probability"":0.4,""volume"":0},{""probability"":0.4,""volume"":1},{""probability"":0.2,""volume"":2}]"
0,5,FC0005,B,C,3,13,R,100.0,"[{""probability"":0.4,""volume"":0},{""probability"":0.4,""volume"":1},{""probability"":0.2,""volume"":2}]"
0,6,FC0006,C,E,3,13,R,200.0,"[{""probability"":0.4,""volume"":0},{""probability"":0.4,""volume"":1},{""probability"":0.2,""volume"":2}]"
0,7,FC0007,A,C,2,13,R,250.0,"[{""probability"":0.4,""volume"":0},{""probability"":0.4,""volume"":1},{""probability"":0.2,""volume"":2}]"
0,8,FC0008,A,B,1,9,P,156.25,"[{""probability"":0.4,""volume"":0},{""probability"":0.4,""volume"":1},{""probability"":0.2,""volume"":2}]"
0,9,FC0009,D,A,4,15,P,300.0,"[{""probability"":0.4,""volume"":0},{""probability"":0.4,""volume"":1},{""probability"":0.2,""volume"":2}]"
0,10,FC0010,E,B,4,16,P,300.0,"[{""probability"":0.4,""volume"":0},{""probability"":0.4,""volume"":1},{""probability"":0.2,""volume"":2}]"
1,1,FC0011,B,C,3,12,R,100.0,"[{""probability"":0.4,""volume"":0},{""probability"":0.4,""volume"":1},{""probability"":0.2,""volume"":2}]"
1,2,FC0012,E,B,6,16,P,375.0,"[{""probability"":0.4,""volume"":0},{""probability"":0.4,""volume"":1},{""probability"":0.2,""volume"":2}]"
1,3,FC0013,E,C,4,14,F,200.0,"[{""probability"":0.4,""volume"":0},{""probability"":0.4,""volume"":1},{""probability"":0.2,""volume"":2}]"
1,4,FC0014,D,A,6,17,R,300.0,"[{""probability"":0.4,""volume"":0},{""probability"":0.4,""volume"":1},{""probability"":0.2,""volume"":2}]"
1,5,FC0015,D,B,3,14,F,250.0,"[{""probability"":0.4,""volume"":0},{""probability"":0.4,""volume"":1},{""probability"":0.2,""volume"":2}]"
1,6,FC0016,E,D,2,12,F,125.0,"[{""probability"":0.4,""volume"":0},{""probability"":0.4,""volume"":1},{""probability"":0.2,""volume"":2}]"
1,7,FC0017,D,E,4,12,F,125.0,"[{""probability"":0.4,""volume"":0},{""probability"":0.4,""volume"":1},{""probability"":0.2,""volume"":2}]"
1,8,FC0018,C,E,3,14,F,250.0,"[{""probability"":0.4,""volume"":0},{""probability"":0.4,""volume"":1},{""probability"":0.2,""volume"":2}]"
1,9,FC0019,A,E,6,19,R,400.0,"[{""probability"":0.4,""volume"":0},{""probability"":0.4,""volume"":1},{""probability"":0.2,""volume"":2}]"
1,10,FC0020,D,B,3,13,R,250.0,"[{""probability"":0.4,""volume"":0},{""probability"":0.4,""volume"":1},{""probability"":0.2,""volume"":2}]"
2,1,FC0021,C,B,3,13,R,125.0,"[{""probability"":0.4,""volume"":0},{""probability"":0.4,""volume"":1},{""probability"":0.2,""volume"":2}]"
2,2,FC0022,C,E,4,14,P,250.0,"[{""probability"":0.4,""volume"":0},{""probability"":0.4,""volume"":1},{""probability"":0.2,""volume"":2}]"
2,3,FC0023,D,E,4,13,F,100.0,"[{""probability"":0.4,""volume"":0},{""probability"":0.4,""volume"":1},{""probability"":0.2,""volume"":2}]"
2,4,FC0024,A,C,6,15,F,250.0,"[{""probability"":0.4,""volume"":0},{""probability"":0.4,""volume"":1},{""probability"":0.2,""volume"":2}]"
2,5,FC0025,A,C,4,13,F,312.5,"[{""probability"":0.4,""volume"":0},{""probability"":0.4,""volume"":1},{""probability"":0.2,""volume"":2}]"
2,6,FC0026,D,B,5,14,P,250.0,"[{""probability"":0.4,""volume"":0},{""probability"":0.4,""volume"":1},{""probability"":0.2,""volume"":2}]"
2,7,FC0027,D,C,3,13,R,125.0,"[{""probability"":0.4,""volume"":0},{""probability"":0.4,""volume"":1},{""probability"":0.2,""volume"":2}]"
2,8,FC0028,C,D,5,14,R,100.0,"[{""probability"":0.4,""volume"":0},{""probability"":0.4,""volume"":1},{""probability"":0.2,""volume"":2}]"
2,9,FC0029,D,B,5,14,P,250.0,"[{""probability"":0.4,""volume"":0},{""probability"":0.4,""volume"":1},{""probability"":0.2,""volume"":2}]"
2,10,FC0030,C,B,3,12,R,125.0,"[{""probability"":0.4,""volume"":0},{""probability"":0.4,""volume"":1},{""probability"":0.2,""volume"":2}]"
3,1,FC0031,D,C,5,14,F,100.0,"[{""probability"":0.4,""volume"":0},{""probability"":0.4,""volume"":1},{""probability"":0.2,""volume"":2}]"
3,2,FC0032,B,C,6,16,P,100.0,"[{""probability"":0.4,""volume"":0},{""probability"":0.4,""volume"":1},{""probability"":0.2,""volume"":2}]"
3,3,FC0033,A,C,6,15,R,250.0,"[{""probability"":0.4,""volume"":0},{""probability"":0.4,""volume"":1},{""probability"":0.2,""volume"":2}]"
3,4,FC0034,B,A,6,16,R,100.0,"[{""probability"":0.4,""volume"":0},{""probability"":0.4,""volume"":1},{""probability"":0.2,""volume"":2}]"
3,5,FC0035,D,A,6,17,P,375.0,"[{""probability"":0.4,""volume"":0},{""probability"":0.4,""volume"":1},{""probability"":0.2,""volume"":2}]"
3,6,FC0036,D,E,6,14,F,125.0,"[{""probability"":0.4,""volume"":0},{""probability"":0.4,""volume"":1},{""probability"":0.2,""volume"":2}]"
3,7,FC0037,B,A,6,15,R,100.0,"[{""probability"":0.4,""volume"":0},{""probability"":0.4,""volume"":1},{""probability"":0.2,""volume"":2}]"
3,8,FC0038,C,A,6,16,R,200.0,"[{""probability"":0.4,""volume"":0},{""probability"":0.4,""volume"":1},{""probability"":0.2,""volume"":2}]"
3,9,FC0039,A,C,7,17,F,200.0,"[{""probability"":0.4,""volume"":0},{""probability"":0.4,""volume"":1},{""probability"":0.2,""volume"":2}]"
3,10,FC0040,D,E,6,15,F,100.0,"[{""probability"":0.4,""volume"":0},{""probability"":0.4,""volume"":1},{""probability"":0.2,""volume"":2}]"
4,1,FC0041,A,D,7,19,P,375.0,"[{""probability"":0.4,""volume"":0},{""probability"":0.4,""volume"":1},{""probability"":0.2,""volume"":2}]"
4,2,FC0042,D,A,8,18,F,375.0,"[{""probability"":0.4,""volume"":0},{""probability"":0.4,""volume"":1},{""probability"":0.2,""volume"":2}]"
4,3,FC0043,A,B,6,16,F,100.0,"[{""probability"":0.4,""volume"":0},{""probability"":0.4,""volume"":1},{""probability"":0.2,""volume"":2}]"
4,4,FC0044,A,D,7,18,P,375.0,"[{""probability"":0.4,""volume"":0},{""probability"":0.4,""volume"":1},{""probability"":0.2,""volume"":2}]"
4,5,FC0045,B,A,5,15,F,125.0,"[{""probability"":0.4,""volume"":0},{""probability"":0.4,""volume"":1},{""probability"":0.2,""volume"":2}]"
4,6,FC0046,E,B,7,19,F,375.0,"[{""probability"":0.4,""volume"":0},{""probability"":0.4,""volume"":1},{""probability"":0.2,""volume"":2}]"
4,7,FC0047,D,C,7,16,P,100.0,"[{""probability"":0.4,""volume"":0},{""probability"":0.4,""volume"":1},{""probability"":0.2,""volume"":2}]"
4,8,FC0048,C,A,7,18,P,200.0,"[{""probability"":0.4,""volume"":0},{""probability"":0.4,""volume"":1},{""probability"":0.2,""volume"":2}]"
4,9,FC0049,E,C,7,16,P,250.0,"[{""probability"":0.4,""volume"":0},{""probability"":0.4,""volume"":1},{""probability"":0.2,""volume"":2}]"
4,10,FC0050,A,B,5,14,P,125.0,"[{""probability"":0.4,""volume"":0},{""probability"":0.4,""volume"":1},{""probability"":0.2,""volume"":2}]"
5,1,FC0051,B,A,6,14,R,156.25,"[{""probability"":0.4,""volume"":0},{""probability"":0.4,""volume"":1},{""probability"":0.2,""volume"":2}]"
5,2,FC0052,B,D,9,19,F,200.0,"[{""probability"":0.4,""volume"":0},{""probability"":0.4,""volume"":1},{""probability"":0.2,""volume"":2}]"
5,3,FC0053,E,A,9,21,R,500.0,"[{""probability"":0.4,""volume"":0},{""probability"":0.4,""volume"":1},{""probability"":0.2,""volume"":2}]"
5,4,FC0054,E,B,10,20,P,375.0,"[{""probability"":0.4,""volume"":0},{""probability"":0.4,""volume"":1},{""probability"":0.2,""volume"":2}]"
5,5,FC0055,A,D,10,21,P,300.0,"[{""probability"":0.4,""volume"":0},{""probability"":0.4,""volume"":1},{""probability"":0.2,""volume"":2}]"
5,6,FC0056,A,E,11,24,R,400.0,"[{""probability"":0.4,""volume"":0},{""probability"":0.4,""volume"":1},{""probability"":0.2,""volume"":2}]"
5,7,FC0057,E,A,11,22,P,500.0,"[{""probability"":0.4,""volume"":0},{""probability"":0.4,""volume"":1},{""probability"":0.2,""volume"":2}]"
5,8,FC0058,E,D,8,16,F,125.0,"[{""probability"":0.4,""volume"":0},{""probability"":0.4,""volume"":1},{""probability"":0.2,""volume"":2}]"
5,9,FC0059,C,B,7,16,F,100.0,"[{""probability"":0.4,""volume"":0},{""probability"":0.4,""volume"":1},{""probability"":0.2,""volume"":2}]"
5,10,FC0060,C,B,6,14,P,156.25,"[{""probability"":0.4,""volume"":0},{""probability"":0.4,""volume"":1},{""probability"":0.2,""volume"":2}]"
6,1,FC0061,A,B,9,18,P,100.0,"[{""probability"":0.4,""volume"":0},{""probability"":0.4,""volume"":1},{""probability"":0.2,""volume"":2}]"
6,2,FC0062,D,C,7,15,R,156.25,"[{""probability"":0.4,""volume"":0},{""probability"":0.4,""volume"":1},{""probability"":0.2,""volume"":2}]"
6,3,FC0063,B,E,10,20,F,375.0,"[{""probability"":0.4,""volume"":0},{""probability"":0.4,""volume"":1},{""probability"":0.2,""volume"":2}]"
6,4,FC0064,D,E,8,16,F,125.0,"[{""probability"":0.4,""volume"":0},{""probability"":0.4,""volume"":1},{""probability"":0.2,""volume"":2}]"
6,5,FC0065,A,D,9,20,R,375.0,"[{""probability"":0.4,""volume"":0},{""probability"":0.4,""volume"":1},{""probability"":0.2,""volume"":2}]"
6,6,FC0066,D,A,9,19,R,468.75,"[{""probability"":0.4,""volume"":0},{""probability"":0.4,""volume"":1},{""probability"":0.2,""volume"":2}]"
6,7,FC0067,A,B,9,18,R,100.0,"[{""probability"":0.4,""volume"":0},{""probability"":0.4,""volume"":1},{""probability"":0.2,""volume"":2}]"
6,8,FC0068,E,D,9,18,P,100.0,"[{""probability"":0.4,""volume"":0},{""probability"":0.4,""volume"":1},{""probability"":0.2,""volume"":2}]"
6,9,FC0069,B,C,7,16,P,125.0,"[{""probability"":0.4,""volume"":0},{""probability"":0.4,""volume"":1},{""probability"":0.2,""volume"":2}]"
6,10,FC0070,C,A,10,21,R,200.0,"[{""probability"":0.4,""volume"":0},{""probability"":0.4,""volume"":1},{""probability"":0.2,""volume"":2}]"
7,1,FC0071,B,E,10,21,R,375.0,"[{""probability"":0.4,""volume"":0},{""probability"":0.4,""volume"":1},{""probability"":0.2,""volume"":2}]"
7,2,FC0072,A,B,9,19,R,100.0,"[{""probability"":0.4,""volume"":0},{""probability"":0.4,""volume"":1},{""probability"":0.2,""volume"":2}]"
7,3,FC0073,A,D,12,22,R,375.0,"[{""probability"":0.4,""volume"":0},{""probability"":0.4,""volume"":1},{""probability"":0.2,""volume"":2}]"
7,4,FC0074,A,C,9,20,R,250.0,"[{""probability"":0.4,""volume"":0},{""probability"":0.4,""volume"":1},{""probability"":0.2,""volume"":2}]"
7,5,FC0075,B,D,9,20,R,250.0,"[{""probability"":0.4,""volume"":0},{""probability"":0.4,""volume"":1},{""probability"":0.2,""volume"":2}]"
7,6,FC0076,E,B,12,22,R,375.0,"[{""probability"":0.4,""volume"":0},{""probability"":0.4,""volume"":1},{""probability"":0.2,""volume"":2}]"
7,7,FC0077,B,E,12,22,F,375.0,"[{""probability"":0.4,""volume"":0},{""probability"":0.4,""volume"":1},{""probability"":0.2,""volume"":2}]"
7,8,FC0078,B,D,11,20,R,250.0,"[{""probability"":0.4,""volume"":0},{""probability"":0.4,""volume"":1},{""probability"":0.2,""volume"":2}]"
7,9,FC0079,B,E,12,24,F,300.0,"[{""probability"":0.4,""volume"":0},{""probability"":0.4,""volume"":1},{""probability"":0.2,""volume"":2}]"
7,10,FC0080,C,E,9,18,P,312.5,"[{""probability"":0.4,""volume"":0},{""probability"":0.4,""volume"":1},{""probability"":0.2,""volume"":2}]"
8,1,FC0081,B,A,9,18,F,125.0,"[{""probability"":0.4,""volume"":0},{""probability"":0.4,""volume"":1},{""probability"":0.2,""volume"":2}]"
8,2,FC0082,B,E,11,23,P,375.0,"[{""probability"":0.4,""volume"":0},{""probability"":0.4,""volume"":1},{""probability"":0.2,""volume"":2}]"
8,3,FC0083,E,D,10,18,P,125.0,"[{""probability"":0.4,""volume"":0},{""probability"":0.4,""volume"":1},{""probability"":0.2,""volume"":2}]"
8,4,FC0084,A,C,12,21,R,250.0,"[{""probability"":0.4,""volume"":0},{""probability"":0.4,""volume"":1},{""probability"":0.2,""volume"":2}]"
8,5,FC0085,D,B,12,21,R,250.0,"[{""probability"":0.4,""volume"":0},{""probability"":0.4,""volume"":1},{""probability"":0.2,""volume"":2}]"
8,6,FC0086,D,A,11,21,F,468.75,"[{""probability"":0.4,""volume"":0},{""probability"":0.4,""volume"":1},{""probability"":0.2,""volume"":2}]"
8,7,FC0087,B,E,11,23,F,375.0,"[{""probability"":0.4,""volume"":0},{""probability"":0.4,""volume"":1},{""probability"":0.2,""volume"":2}]"
8,8,FC0088,A,C,10,19,F,312.5,"[{""probability"":0.4,""volume"":0},{""probability"":0.4,""volume"":1},{""probability"":0.2,""volume"":2}]"
8,9,FC0089,E,A,14,27,R,400.0,"[{""probability"":0.4,""volume"":0},{""probability"":0.4,""volume"":1},{""probability"":0.2,""volume"":2}]"
8,10,FC0090,D,C,10,20,R,100.0,"[{""probability"":0.4,""volume"":0},{""probability"":0.4,""volume"":1},{""probability"":0.2,""volume"":2}]"
9,1,FC0091,A,D,12,24,F,375.0,"[{""probability"":0.4,""volume"":0},{""probability"":0.4,""volume"":1},{""probability"":0.2,""volume"":2}]"
9,2,FC0092,A,C,13,23,P,200.0,"[{""probability"":0.4,""volume"":0},{""probability"":0.4,""volume"":1},{""probability"":0.2,""volume"":2}]"
9,3,FC0093,B,E,14,25,P,300.0,"[{""probability"":0.4,""volume"":0},{""probability"":0.4,""volume"":1},{""probability"":0.2,""volume"":2}]"
9,4,FC0094,A,B,11,21,F,100.0,"[{""probability"":0.4,""volume"":0},{""probability"":0.4,""volume"":1},{""probability"":0.2,""volume"":2}]"
9,5,FC0095,C,E,12,21,P,250.0,"[{""probability"":0.4,""volume"":0},{""probability"":0.4,""volume"":1},{""probability"":0.2,""volume"":2}]"
9,6,FC0096,E,A,13,24,R,625.0,"[{""probability"":0.4,""volume"":0},{""probability"":0.4,""volume"":1},{""probability"":0.2,""volume"":2}]"
9,7,FC0097,C,B,11,20,P,100.0,"[{""probability"":0.4,""volume"":0},{""probability"":0.4,""volume"":1},{""probability"":0.2,""volume"":2}]"
9,8,FC0098,C,E,13,22,F,250.0,"[{""probability"":0.4,""volume"":0},{""probability"":0.4,""volume"":1},{""probability"":0.2,""volume"":2}]"
9,9,FC0099,C,D,11,20,P,100.0,"[{""probability"":0.4,""volume"":0},{""probability"":0.4,""volume"":1},{""probability"":0.2,""volume"":2}]"
9,10,FC0100,C,B,10,20,F,125.0,"[{""probability"":0.4,""volume"":0},{""probability"":0.4,""volume"":1},{""probability"":0.2,""volume"":2}]"
10,1,FC0101,E,D,13,23,R,100.0,"[{""probability"":0.4,""volume"":0},{""probability"":0.4,""volume"":1},{""probability"":0.2,""volume"":2}]"
10,2,FC0102,E,B,14,26,P,300.0,"[{""probability"":0.4,""volume"":0},{""probability"":0.4,""volume"":1},{""probability"":0.2,""volume"":2}]"
10,3,FC0103,B,D,14,25,F,200.0,"[{""probability"":0.4,""volume"":0},{""probability"":0.4,""volume"":1},{""probability"":0.2,""volume"":2}]"
10,4,FC0104,B,A,11,19,R,156.25,"[{""probability"":0.4,""volume"":0},{""probability"":0.4,""volume"":1},{""probability"":0.2,""volume"":2}]"
10,5,FC0105,A,B,11,21,P,125.0,"[{""probability"":0.4,""volume"":0},{""probability"":0.4,""volume"":1},{""probability"":0.2,""volume"":2}]"
10,6,FC0106,A,C,14,24,P,200.0,"[{""probability"":0.4,""volume"":0},{""probability"":0.4,""volume"":1},{""probability"":0.2,""volume"":2}]"
10,7,FC0107,C,E,12,23,F,250.0,"[{""probability"":0.4,""volume"":0},{""probability"":0.4,""volume"":1},{""probability"":0.2,""volume"":2}]"
10,8,FC0108,E,A,16,27,P,500.0,"[{""probability"":0.4,""volume"":0},{""probability"":0.4,""volume"":1},{""probability"":0.2,""volume"":2}]"
10,9,FC0109,C,A,14,23,P,250.0,"[{""probability"":0.4,""volume"":0},{""probability"":0.4,""volume"":1},{""probability"":0.2,""volume"":2}]"
10,10,FC0110,A,C,12,23,F,250.0,"[{""probability"":0.4,""volume"":0},{""probability"":0.4,""volume"":1},{""probability"":0.2,""volume"":2}]"
11,1,FC0111,C,D,13,22,F,100.0,"[{""probability"":0.4,""volume"":0},{""probability"":0.4,""volume"":1},{""probability"":0.2,""volume"":2}]"
11,2,FC0112,E,C,15,24,P,250.0,"[{""probability"":0.4,""volume"":0},{""probability"":0.4,""volume"":1},{""probability"":0.2,""volume"":2}]"
11,3,FC0113,A,D,16,27,R,300.0,"[{""probability"":0.4,""volume"":0},{""probability"":0.4,""volume"":1},{""probability"":0.2,""volume"":2}]"
11,4,FC0114,A,E,15,26,F,625.0,"[{""probability"":0.4,""volume"":0},{""probability"":0.4,""volume"":1},{""probability"":0.2,""volume"":2}]"
11,5,FC0115,D,E,13,21,F,125.0,"[{""probability"":0.4,""volume"":0},{""probability"":0.4,""volume"":1},{""probability"":0.2,""volume"":2}]"
11,6,FC0116,B,C,13,22,R,100.0,"[{""probability"":0.4,""volume"":0},{""probability"":0.4,""volume"":1},{""probability"":0.2,""volume"":2}]"
11,7,FC0117,A,B,14,23,R,100.0,"[{""probability"":0.4,""volume"":0},{""probability"":0.4,""volume"":1},{""probability"":0.2,""volume"":2}]"
11,8,FC0118,B,E,15,25,R,375.0,"[{""probability"":0.4,""volume"":0},{""probability"":0.4,""volume"":1},{""probability"":0.2,""volume"":2}]"
11,9,FC0119,A,C,15,25,R,200.0,"[{""probability"":0.4,""volume"":0},{""probability"":0.4,""volume"":1},{""probability"":0.2,""volume"":2}]"
11,10,FC0120,D,B,14,25,F,200.0,"[{""probability"":0.4,""volume"":0},{""probability"":0.4,""volume"":1},{""probability"":0.2,""volume"":2}]"
12,1,FC0121,A,B,13,22,P,125.0,"[{""probability"":0.4,""volume"":0},{""probability"":0.4,""volume"":1},{""probability"":0.2,""volume"":2}]"
12,2,FC0122,C,E,15,25,P,200.0,"[{""probability"":0.4,""volume"":0},{""probability"":0.4,""volume"":1},{""probability"":0.2,""volume"":2}]"
12,3,FC0123,A,E,17,28,P,500.0,"[{""probability"":0.4,""volume"":0},{""probability"":0.4,""volume"":1},{""probability"":0.2,""volume"":2}]"
12,4,FC0124,D,C,13,21,F,156.25,"[{""probability"":0.4,""volume"":0},{""probability"":0.4,""volume"":1},{""probability"":0.2,""volume"":2}]"
12,5,FC0125,E,D,14,24,P,100.0,"[{""probability"":0.4,""volume"":0},{""probability"":0.4,""volume"":1},{""probability"":0.2,""volume"":2}]"
12,6,FC0126,B,D,15,25,R,200.0,"[{""probability"":0.4,""volume"":0},{""probability"":0.4,""volume"":1},{""probability"":0.2,""volume"":2}]"
12,7,FC0127,D,C,14,23,F,100.0,"[{""probability"":0.4,""volume"":0},{""probability"":0.4,""volume"":1},{""probability"":0.2,""volume"":2}]"
12,8,FC0128,E,B,17,28,F,300.0,"[{""probability"":0.4,""volume"":0},{""probability"":0.4,""volume"":1},{""probability"":0.2,""volume"":2}]"
12,9,FC0129,D,E,14,23,F,100.0,"[{""probability"":0.4,""volume"":0},{""probability"":0.4,""volume"":1},{""probability"":0.2,""volume"":2}]"
12,10,FC0130,E,B,17,29,F,300.0,"[{""probability"":0.4,""volume"":0},{""probability"":0.4,""volume"":1},{""probability"":0.2,""volume"":2}]"
13,1,FC0131,B,C,15,24,P,100.0,"[{""probability"":0.4,""volume"":0},{""probability"":0.4,""volume"":1},{""probability"":0.2,""volume"":2}]"
13,2,FC0132,A,C,16,26,R,200.0,"[{""probability"":0.4,""volume"":0},{""probability"":0.4,""volume"":1},{""probability"":0.2,""volume"":2}]"
13,3,FC0133,E,C,16,26,R,200.0,"[{""probability"":0.4,""volume"":0},{""probability"":0.4,""volume"":1},{""probability"":0.2,""volume"":2}]"
13,4,FC0134,E,A,17,28,R,625.0,"[{""probability"":0.4,""volume"":0},{""probability"":0.4,""volume"":1},{""probability"":0.2,""volume"":2}]"
13,5,FC0135,C,E,17,28,P,200.0,"[{""probability"":0.4,""volume"":0},{""probability"":0.4,""volume"":1},{""probability"":0.2,""volume"":2}]"
13,6,FC0136,D,B,16,27,P,200.0,"[{""probability"":0.4,""volume"":0},{""probability"":0.4,""volume"":1},{""probability"":0.2,""volume"":2}]"
13,7,FC0137,C,B,16,26,F,100.0,"[{""probability"":0.4,""volume"":0},{""probability"":0.4,""volume"":1},{""probability"":0.2,""volume"":2}]"
13,8,FC0138,A,D,17,29,F,300.0,"[{""probability"":0.4,""volume"":0},{""probability"":0.4,""volume"":1},{""probability"":0.2,""volume"":2}]"
13,9,FC0139,A,C,15,25,R,250.0,"[{""probability"":0.4,""volume"":0},{""probability"":0.4,""volume"":1},{""probability"":0.2,""volume"":2}]"
13,10,FC0140,C,B,14,22,F,156.25,"[{""probability"":0.4,""volume"":0},{""probability"":0.4,""volume"":1},{""probability"":0.2,""volume"":2}]"
